id,first_name,last_name,email,gender
1,Kim,Doers,kdoers0@w3.org,Female
2,Neddy,Coverdale,ncoverdale1@sfgate.com,Male
3,Moyra,Cheasman,mcheasman2@yahoo.com,Female
4,Philipa,Reap,preap3@booking.com,Female
5,Sayer,Carleman,scarleman4@usgs.gov,Male
6,Glendon,Marrison,gmarrison5@vkontakte.ru,Male
7,Constantia,Dentith,cdentith6@unicef.org,Female
8,Hunfredo,Childes,hchildes7@dropbox.com,Male
9,Eamon,Gosalvez,egosalvez8@hhs.gov,Non-binary
10,Ermin,Enders,eenders9@oakley.com,Male
11,Blair,Adrian,badriana@sogou.com,Male
12,Angel,Trussell,atrussellb@rediff.com,Male
13,Amalie,Rizzo,arizzoc@zdnet.com,Female
14,Toiboid,Gegg,tgeggd@kickstarter.com,Male
15,Allyce,Harme,aharmee@behance.net,Female
16,Cyrillus,Eastman,ceastmanf@usgs.gov,Male
17,Geno,Kleanthous,gkleanthousg@accuweather.com,Male
18,Onfre,Widdecombe,owiddecombeh@tamu.edu,Male
19,Costanza,Daouze,cdaouzei@chron.com,Female
20,Quillan,Pridmore,qpridmorej@engadget.com,Male
21,Aldridge,Doveston,adovestonk@yellowbook.com,Agender
22,Lyon,McBrearty,lmcbreartyl@google.it,Male
23,Marillin,Dronsfield,mdronsfieldm@apple.com,Female
24,Ailey,Stockman,astockmann@tripod.com,Female
25,Cointon,Meffan,cmeffano@digg.com,Male
26,Rodi,Frudd,rfruddp@sbwire.com,Genderqueer
27,Orson,Springer,ospringerq@symantec.com,Male
28,Fonsie,Roscamp,froscampr@illinois.edu,Male
29,Trenna,Huertas,thuertass@creativecommons.org,Female
30,Tiffy,Kirkwood,tkirkwoodt@sphinn.com,Female
31,Noelani,Bindon,nbindonu@wordpress.com,Female
32,Alex,Probey,aprobeyv@behance.net,Female
33,Pernell,Turpie,pturpiew@marketwatch.com,Male
34,Binnie,Castanaga,bcastanagax@e-recht24.de,Genderqueer
35,Aimil,Newstead,anewsteady@illinois.edu,Female
36,Errick,Ratke,eratkez@thetimes.co.uk,Male
37,Courtney,Bolles,cbolles10@canalblog.com,Male
38,Agnella,Scollick,ascollick11@studiopress.com,Female
39,Dylan,Papps,dpapps12@vimeo.com,Male
40,Tiffanie,Lamyman,tlamyman13@newsvine.com,Female
41,Heywood,Willson,hwillson14@businessinsider.com,Male
42,Romonda,Flecknell,rflecknell15@berkeley.edu,Genderqueer
43,Alain,Mewes,amewes16@dagondesign.com,Non-binary
44,Dorrie,Spaldin,dspaldin17@marketwatch.com,Female
45,Lind,Basley,lbasley18@yandex.ru,Female
46,Enriqueta,Sawdon,esawdon19@census.gov,Female
47,Domeniga,Eades,deades1a@tuttocitta.it,Female
48,Hyacintha,Goad,hgoad1b@indiatimes.com,Female
49,Hieronymus,Alaway,halaway1c@hhs.gov,Male
50,Mollie,Sidsaff,msidsaff1d@rakuten.co.jp,Female
51,Drona,Lammenga,dlammenga1e@thetimes.co.uk,Female
52,Dominique,Shimman,dshimman1f@kickstarter.com,Female
53,Vivyan,Gianelli,vgianelli1g@tinyurl.com,Female
54,Zacherie,Hamblyn,zhamblyn1h@vimeo.com,Male
55,Tommi,Doyland,tdoyland1i@jalbum.net,Female
56,Tony,Leyborne,tleyborne1j@kickstarter.com,Male
57,Griffith,Christene,gchristene1k@istockphoto.com,Male
58,Myer,Olennikov,molennikov1l@de.vu,Male
59,Clerkclaude,Heaslip,cheaslip1m@ebay.com,Male
60,Bertie,Petronis,bpetronis1n@topsy.com,Male
61,Danit,O'Hickee,dohickee1o@woothemes.com,Female
62,Marys,Heakey,mheakey1p@xrea.com,Non-binary
63,Clarinda,Rothman,crothman1q@facebook.com,Non-binary
64,Dee dee,Braunds,dbraunds1r@miitbeian.gov.cn,Female
65,Clementina,Dilley,cdilley1s@bbb.org,Female
66,Essy,Pitherick,epitherick1t@blogger.com,Female
67,Gale,Boutflour,gboutflour1u@nytimes.com,Female
68,Hadlee,Hambrook,hhambrook1v@indiatimes.com,Male
69,Patty,Shepherd,pshepherd1w@bloglines.com,Male
70,Skippy,Billion,sbillion1x@springer.com,Male
71,Jen,Mallam,jmallam1y@weather.com,Female
72,Aubrie,Brum,abrum1z@examiner.com,Female
73,Cristen,John,cjohn20@who.int,Female
74,Friedrich,MacMaykin,fmacmaykin21@jugem.jp,Male
75,Saunderson,Nacey,snacey22@kickstarter.com,Male
76,Trevor,Fardon,tfardon23@sciencedirect.com,Male
77,Kylie,Boards,kboards24@army.mil,Polygender
78,Jilli,Cowland,jcowland25@4shared.com,Female
79,Tove,Casserly,tcasserly26@skyrock.com,Polygender
80,Dulcinea,Grimditch,dgrimditch27@dagondesign.com,Polygender
81,Theadora,Squires,tsquires28@wikipedia.org,Female
82,Nettle,Lewson,nlewson29@dmoz.org,Female
83,Wandis,Gianilli,wgianilli2a@bravesites.com,Genderqueer
84,Gilburt,Cleynaert,gcleynaert2b@opera.com,Male
85,Abra,Wolfenden,awolfenden2c@miitbeian.gov.cn,Female
86,Hi,O'Moylane,homoylane2d@google.nl,Male
87,Ahmad,Sherratt,asherratt2e@wired.com,Male
88,Rogers,Rowswell,rrowswell2f@ebay.co.uk,Male
89,Bendicty,McGlew,bmcglew2g@hibu.com,Male
90,Stevana,Simnell,ssimnell2h@blinklist.com,Female
91,Mayor,Blackey,mblackey2i@csmonitor.com,Bigender
92,Olivier,Delacourt,odelacourt2j@patch.com,Bigender
93,Scarlett,Loweth,sloweth2k@apple.com,Female
94,Berenice,Scholcroft,bscholcroft2l@mediafire.com,Female
95,Frasquito,Fenny,ffenny2m@howstuffworks.com,Male
96,Vilhelmina,Bosenworth,vbosenworth2n@bigcartel.com,Female
97,Caron,Zorn,czorn2o@bloglines.com,Female
98,Amii,Critoph,acritoph2p@tumblr.com,Female
99,Aguste,Pach,apach2q@state.gov,Male
100,Andree,Dinley,adinley2r@ihg.com,Female
101,Arlin,Clapson,aclapson2s@ehow.com,Male
102,Fey,Clemmow,fclemmow2t@is.gd,Female
103,Sharyl,Rozanski,srozanski2u@facebook.com,Female
104,Shurlock,Goulbourn,sgoulbourn2v@google.co.jp,Male
105,Dawna,Rollo,drollo2w@elegantthemes.com,Female
106,Menard,Kardos,mkardos2x@mozilla.com,Male
107,Karoly,Poge,kpoge2y@live.com,Male
108,Mitchell,Tissiman,mtissiman2z@wsj.com,Male
109,Hobard,Froggatt,hfroggatt30@devhub.com,Male
110,Elli,Erlam,eerlam31@reddit.com,Female
111,Margarette,Jennaroy,mjennaroy32@deliciousdays.com,Female
112,Gweneth,Davidek,gdavidek33@liveinternet.ru,Female
113,Simona,Surphliss,ssurphliss34@plala.or.jp,Female
114,Kylie,Icke,kicke35@people.com.cn,Female
115,Alonzo,Golley,agolley36@paypal.com,Male
116,Toiboid,Vogt,tvogt37@ning.com,Male
117,Franciskus,Foston,ffoston38@phoca.cz,Male
118,Page,Ziemecki,pziemecki39@studiopress.com,Male
119,Fleur,Zamorano,fzamorano3a@nih.gov,Female
120,Ruthann,Clyma,rclyma3b@smh.com.au,Female
121,Christye,Kinneir,ckinneir3c@homestead.com,Female
122,Aretha,Scougal,ascougal3d@google.com.au,Female
123,Quentin,Iohananof,qiohananof3e@digg.com,Male
124,Tobe,Galvin,tgalvin3f@vk.com,Male
125,Francesco,Capstack,fcapstack3g@alexa.com,Male
126,Keefer,Smaleman,ksmaleman3h@aol.com,Male
127,Alic,Bilham,abilham3i@jiathis.com,Male
128,Diann,Valsler,dvalsler3j@ask.com,Female
129,Bevvy,Domel,bdomel3k@mozilla.org,Female
130,Jacynth,Dutton,jdutton3l@archive.org,Female
131,Clementia,Rickards,crickards3m@tmall.com,Female
132,Amy,Scopyn,ascopyn3n@blog.com,Female
133,Alia,Dewi,adewi3o@cisco.com,Female
134,Marcia,Redmayne,mredmayne3p@merriam-webster.com,Female
135,Stearn,Bonnick,sbonnick3q@tripadvisor.com,Male
136,Jacquenette,Frie,jfrie3r@springer.com,Female
137,Tris,Woodburne,twoodburne3s@canalblog.com,Male
138,Gusty,Coughan,gcoughan3t@sitemeter.com,Female
139,Jarrett,Delouch,jdelouch3u@sourceforge.net,Non-binary
140,Brucie,Canet,bcanet3v@blinklist.com,Male
141,Ursola,Ciccotti,uciccotti3w@blogspot.com,Female
142,Markos,Beevens,mbeevens3x@bing.com,Male
143,Erasmus,Malser,emalser3y@about.com,Male
144,Kippar,St Ange,kstange3z@clickbank.net,Male
145,Klara,Blackaller,kblackaller40@shop-pro.jp,Non-binary
146,Shalne,Stedman,sstedman41@foxnews.com,Female
147,Lem,Crimmins,lcrimmins42@bravesites.com,Male
148,Huntlee,Mohun,hmohun43@reddit.com,Male
149,Iolanthe,Gruszczak,igruszczak44@sogou.com,Genderfluid
150,Langsdon,Piecha,lpiecha45@homestead.com,Male
151,Rusty,Griffithe,rgriffithe46@adobe.com,Male
152,Derron,Gruszczak,dgruszczak47@rakuten.co.jp,Male
153,Perry,Kenneway,pkenneway48@jugem.jp,Female
154,Jammie,Hubane,jhubane49@purevolume.com,Female
155,Boone,Jacmard,bjacmard4a@constantcontact.com,Male
156,Glori,Edgcumbe,gedgcumbe4b@indiatimes.com,Female
157,Ciro,Bowell,cbowell4c@va.gov,Male
158,Braden,Yourell,byourell4d@google.de,Male
159,Fritz,Craven,fcraven4e@aol.com,Male
160,Claudina,Sabbin,csabbin4f@cnet.com,Female
161,Quincy,Cottell,qcottell4g@plala.or.jp,Male
162,Morgan,Cazalet,mcazalet4h@yahoo.co.jp,Genderqueer
163,Vinny,Kinnear,vkinnear4i@example.com,Female
164,Kurtis,Kippin,kkippin4j@theguardian.com,Male
165,Adeline,Garnsey,agarnsey4k@sciencedaily.com,Female
166,Zachery,Edelheid,zedelheid4l@comcast.net,Male
167,Gardiner,Lucchi,glucchi4m@addtoany.com,Male
168,Redford,Skerm,rskerm4n@google.ru,Male
169,Aline,Luisetti,aluisetti4o@homestead.com,Female
170,Lothaire,Brownhill,lbrownhill4p@1688.com,Male
171,Retha,Karpol,rkarpol4q@msu.edu,Female
172,Gerladina,Wanless,gwanless4r@soup.io,Bigender
173,Rosco,Lonsbrough,rlonsbrough4s@cloudflare.com,Genderfluid
174,Babbie,Vernall,bvernall4t@prweb.com,Female
175,Christel,Wannes,cwannes4u@imdb.com,Female
176,Marshal,Charlotte,mcharlotte4v@hp.com,Male
177,Delmore,Everly,deverly4w@bluehost.com,Male
178,Grove,Kinnar,gkinnar4x@examiner.com,Male
179,Gerhardine,Percifull,gpercifull4y@so-net.ne.jp,Female
180,Bridgette,Matusevich,bmatusevich4z@hhs.gov,Female
181,Geoff,McMurtyr,gmcmurtyr50@state.gov,Male
182,Barri,Rossetti,brossetti51@opensource.org,Male
183,Pearle,Benedikt,pbenedikt52@google.es,Female
184,Farleigh,Kerley,fkerley53@vk.com,Male
185,Freddy,Murname,fmurname54@nih.gov,Female
186,Jimmie,Burstow,jburstow55@instagram.com,Genderfluid
187,Antonius,Corter,acorter56@t-online.de,Male
188,Shirlee,Mucillo,smucillo57@paginegialle.it,Female
189,Wenda,Addington,waddington58@canalblog.com,Female
190,Vanessa,Manketell,vmanketell59@seattletimes.com,Female
191,Sascha,Niess,sniess5a@bloomberg.com,Female
192,Case,Southerns,csoutherns5b@sina.com.cn,Male
193,Kara,Sarge,ksarge5c@comcast.net,Female
194,Emmanuel,Greenman,egreenman5d@cocolog-nifty.com,Genderqueer
195,Elvis,Wannes,ewannes5e@dyndns.org,Male
196,Kelsey,Trask,ktrask5f@craigslist.org,Male
197,Tillie,McKim,tmckim5g@hubpages.com,Female
198,Kitti,Oxbury,koxbury5h@sciencedaily.com,Female
199,Valerye,Gauden,vgauden5i@naver.com,Female
200,Louisa,Brosenius,lbrosenius5j@people.com.cn,Female
